robot,method,omega_rad_s,ee_linear_speed_m_s,mean_force_error,std_force_error,mean_position_error,std_position_error
fr3,ff,0.3000,0.0300,3.480298,4.670278,0.124362,0.188181
fr3,ff,0.6000,0.0600,2.227523,3.573587,0.025151,0.055129
fr3,ff,0.9000,0.0900,0.500481,0.661940,0.009377,0.009338
fr3,ff,1.2000,0.1200,0.957795,1.175898,0.016420,0.009853
fr3,ff,1.6000,0.1600,2.094485,1.805922,0.024170,0.011810
fr3,ff_pi,0.3000,0.0300,3.041941,4.470231,0.150785,0.260222
fr3,ff_pi,0.6000,0.0600,1.053565,2.474882,0.013922,0.017757
fr3,ff_pi,0.9000,0.0900,0.170363,0.481988,0.009183,0.008890
fr3,ff_pi,1.2000,0.1200,0.423743,1.036003,0.016663,0.009814
fr3,ff_pi,1.6000,0.1600,0.836787,1.646351,0.024817,0.011713
fr3,pd,0.3000,0.0300,5.465365,3.036200,0.064136,0.089976
fr3,pd,0.6000,0.0600,4.516196,2.252260,0.020143,0.030942
fr3,pd,0.9000,0.0900,3.460197,0.319162,0.006191,0.004485
fr3,pd,1.2000,0.1200,3.639664,0.699792,0.014877,0.009114
fr3,pd,1.6000,0.1600,4.018216,1.139617,0.022925,0.011068
fr3,paper,0.3000,0.0300,3.481902,4.611312,0.213143,0.345884
fr3,paper,0.6000,0.0600,2.242858,3.447821,0.024928,0.055899
fr3,paper,0.9000,0.0900,0.555295,0.535105,0.009414,0.009487
fr3,paper,1.2000,0.1200,1.022851,1.113574,0.016355,0.009811
fr3,paper,1.6000,0.1600,1.992624,1.811910,0.024222,0.011800
fr3,paper_pi,0.3000,0.0300,2.995198,4.454272,0.076438,0.115567
fr3,paper_pi,0.6000,0.0600,0.917002,2.306944,0.013458,0.016655
fr3,paper_pi,0.9000,0.0900,0.153153,0.471450,0.009533,0.009511
fr3,paper_pi,1.2000,0.1200,0.396952,0.999893,0.016617,0.009635
fr3,paper_pi,1.6000,0.1600,0.825928,1.603461,0.024743,0.011630
fr3_friction,ff,0.3000,0.0300,0.037111,0.052466,0.019774,0.012865
fr3_friction,ff,0.6000,0.0600,0.035668,0.056094,0.022766,0.012891
fr3_friction,ff,0.9000,0.0900,0.074988,0.039751,0.024763,0.012362
fr3_friction,ff,1.2000,0.1200,0.154679,0.071265,0.026481,0.011629
fr3_friction,ff,1.6000,0.1600,0.301466,0.216003,0.028607,0.010609
fr3_friction,ff_pi,0.3000,0.0300,0.009378,0.014229,0.019755,0.012876
fr3_friction,ff_pi,0.6000,0.0600,0.017935,0.016956,0.022724,0.012931
fr3_friction,ff_pi,0.9000,0.0900,0.026179,0.018492,0.024709,0.012442
fr3_friction,ff_pi,1.2000,0.1200,0.037401,0.034235,0.026443,0.011746
fr3_friction,ff_pi,1.6000,0.1600,0.075737,0.079063,0.028655,0.010796
fr3_friction,pd,0.3000,0.0300,3.323008,0.015064,0.018465,0.013152
fr3_friction,pd,0.6000,0.0600,3.345706,0.021057,0.020508,0.012901
fr3_friction,pd,0.9000,0.0900,3.385937,0.024547,0.021956,0.012255
fr3_friction,pd,1.2000,0.1200,3.439752,0.023590,0.023162,0.011479
fr3_friction,pd,1.6000,0.1600,3.535188,0.021826,0.024610,0.010410
fr3_friction,paper,0.3000,0.0300,0.077494,0.067547,0.019787,0.012869
fr3_friction,paper,0.6000,0.0600,0.086727,0.101193,0.022772,0.012946
fr3_friction,paper,0.9000,0.0900,0.099216,0.135684,0.024742,0.012443
fr3_friction,paper,1.2000,0.1200,0.159532,0.181984,0.026428,0.011706
fr3_friction,paper,1.6000,0.1600,0.325255,0.269334,0.028523,0.010653
fr3_friction,paper_pi,0.3000,0.0300,0.010975,0.015029,0.019760,0.012874
fr3_friction,paper_pi,0.6000,0.0600,0.018186,0.024431,0.022734,0.012940
fr3_friction,paper_pi,0.9000,0.0900,0.026931,0.036099,0.024717,0.012460
fr3_friction,paper_pi,1.2000,0.1200,0.042112,0.052840,0.026445,0.011764
fr3_friction,paper_pi,1.6000,0.1600,0.073145,0.083587,0.028651,0.010805
fr3_jointf,ff,0.3000,0.0300,2.491585,1.784929,0.018477,0.011421
fr3_jointf,ff,0.6000,0.0600,3.798370,1.924533,0.025163,0.013310
fr3_jointf,ff,0.9000,0.0900,4.961519,1.877151,0.029864,0.015027
fr3_jointf,ff,1.2000,0.1200,5.986255,1.874447,0.033407,0.015840
fr3_jointf,ff,1.6000,0.1600,7.012428,1.782267,0.037295,0.016288
fr3_jointf,ff_pi,0.3000,0.0300,0.876992,1.006414,0.022602,0.010754
fr3_jointf,ff_pi,0.6000,0.0600,1.498076,1.680342,0.030242,0.013990
fr3_jointf,ff_pi,0.9000,0.0900,1.897354,2.110861,0.035302,0.015742
fr3_jointf,ff_pi,1.2000,0.1200,2.252384,2.511728,0.039316,0.016450
fr3_jointf,ff_pi,1.6000,0.1600,2.514435,2.748528,0.044019,0.016467
fr3_jointf,pd,0.3000,0.0300,4.109199,0.757247,0.017168,0.010807
fr3_jointf,pd,0.6000,0.0600,4.657199,1.081774,0.025132,0.012619
fr3_jointf,pd,0.9000,0.0900,5.189799,1.351839,0.030643,0.014796
fr3_jointf,pd,1.2000,0.1200,5.641555,1.544352,0.034787,0.015778
fr3_jointf,pd,1.6000,0.1600,6.104548,1.687303,0.039457,0.016122
fr3_jointf,paper,0.3000,0.0300,2.044468,1.050729,0.019260,0.010862
fr3_jointf,paper,0.6000,0.0600,3.102866,1.479885,0.026299,0.012847
fr3_jointf,paper,0.9000,0.0900,4.103574,1.667395,0.031228,0.014592
fr3_jointf,paper,1.2000,0.1200,4.979924,1.812863,0.035098,0.015459
fr3_jointf,paper,1.6000,0.1600,5.946407,1.844416,0.039430,0.015856
fr3_jointf,paper_pi,0.3000,0.0300,0.740920,0.915676,0.022529,0.010632
fr3_jointf,paper_pi,0.6000,0.0600,1.381375,1.576322,0.030313,0.013758
fr3_jointf,paper_pi,0.9000,0.0900,1.809689,2.038340,0.035427,0.015516
fr3_jointf,paper_pi,1.2000,0.1200,2.204696,2.469975,0.039530,0.016211
fr3_jointf,paper_pi,1.6000,0.1600,2.509004,2.801115,0.044395,0.016294
fr3_jointf_surff,ff,0.3000,0.0300,1.642585,1.185894,0.019661,0.013140
fr3_jointf_surff,ff,0.6000,0.0600,2.114825,1.493930,0.023536,0.012816
fr3_jointf_surff,ff,0.9000,0.0900,2.907549,1.875408,0.027916,0.013306
fr3_jointf_surff,ff,1.2000,0.1200,3.852294,2.131621,0.031534,0.014338
fr3_jointf_surff,ff,1.6000,0.1600,5.009419,2.202889,0.035273,0.015216
fr3_jointf_surff,ff_pi,0.3000,0.0300,0.206750,0.261095,0.020303,0.012872
fr3_jointf_surff,ff_pi,0.6000,0.0600,0.548239,0.840678,0.025245,0.012635
fr3_jointf_surff,ff_pi,0.9000,0.0900,0.923524,1.432400,0.030161,0.013524
fr3_jointf_surff,ff_pi,1.2000,0.1200,1.260092,1.930120,0.034519,0.014745
fr3_jointf_surff,ff_pi,1.6000,0.1600,1.683463,2.482402,0.039412,0.015578
fr3_jointf_surff,pd,0.3000,0.0300,3.882274,0.404124,0.018957,0.013150
fr3_jointf_surff,pd,0.6000,0.0600,4.040474,0.662608,0.022123,0.012464
fr3_jointf_surff,pd,0.9000,0.0900,4.385110,1.085429,0.026554,0.012730
fr3_jointf_surff,pd,1.2000,0.1200,4.776639,1.403509,0.030645,0.013933
fr3_jointf_surff,pd,1.6000,0.1600,5.299602,1.691244,0.035139,0.015010
fr3_jointf_surff,paper,0.3000,0.0300,0.969040,0.140302,0.020007,0.012917
fr3_jointf_surff,paper,0.6000,0.0600,1.269688,0.794568,0.024361,0.012496
fr3_jointf_surff,paper,0.9000,0.0900,1.831795,1.407861,0.028958,0.013050
fr3_jointf_surff,paper,1.2000,0.1200,2.520275,1.904806,0.033150,0.014177
fr3_jointf_surff,paper,1.6000,0.1600,3.575937,2.275213,0.037396,0.015020
fr3_jointf_surff,paper_pi,0.3000,0.0300,0.049064,0.072058,0.020284,0.012854
fr3_jointf_surff,paper_pi,0.6000,0.0600,0.301986,0.720959,0.025205,0.012505
fr3_jointf_surff,paper_pi,0.9000,0.0900,0.678132,1.317293,0.030193,0.013355
fr3_jointf_surff,paper_pi,1.2000,0.1200,1.074488,1.872089,0.034651,0.014628
fr3_jointf_surff,paper_pi,1.6000,0.1600,1.528589,2.453799,0.039587,0.015427
